{
  "buildCommand": "pnpm build",
  "outputDirectory": "dist",
  "framework": "vite",
  "nodeVersion": "18.x",
  "env": {
    "OPENAI_API_KEY": "@openai_api_key",
    "DATABASE_URL": "@database_url",
    "JWT_SECRET": "@jwt_secret"
  },
  "functions": {
    "server/**/*.ts": {
      "maxDuration": 60
    }
  },
  "routes": [
    {
      "src": "/api/trpc/(.*)",
      "dest": "/server/_core/index.ts",
      "methods": ["GET", "POST", "PUT", "DELETE", "PATCH"]
    },
    {
      "src": "/(.*)",
      "dest": "/client/index.html"
    }
  ]
}
